<?xml version="1.0" encoding="utf-8"?><p:properties xmlns:p="http://schemas.microsoft.com/office/2006/metadata/properties" xmlns:xsi="http://www.w3.org/2001/XMLSchema-instance" xmlns:pc="http://schemas.microsoft.com/office/infopath/2007/PartnerControls"><documentManagement><LocComments xmlns="4873beb7-5857-4685-be1f-d57550cc96cc" xsi:nil="true"></LocComments><ApprovalStatus xmlns="4873beb7-5857-4685-be1f-d57550cc96cc" xsi:nil="true"/><MarketSpecific xmlns="4873beb7-5857-4685-be1f-d57550cc96cc" xsi:nil="true"/><ThumbnailAssetId xmlns="4873beb7-5857-4685-be1f-d57550cc96cc" xsi:nil="true"></ThumbnailAssetId><PrimaryImageGen xmlns="4873beb7-5857-4685-be1f-d57550cc96cc" xsi:nil="true"/><LegacyData xmlns="4873beb7-5857-4685-be1f-d57550cc96cc" xsi:nil="true"></LegacyData><LocRecommendedHandoff xmlns="4873beb7-5857-4685-be1f-d57550cc96cc" xsi:nil="true"></LocRecommendedHandoff><BusinessGroup xmlns="4873beb7-5857-4685-be1f-d57550cc96cc" xsi:nil="true"></BusinessGroup><BlockPublish xmlns="4873beb7-5857-4685-be1f-d57550cc96cc" xsi:nil="true"/><AssetId xmlns="4873beb7-5857-4685-be1f-d57550cc96cc" xsi:nil="true"/><SourceTitle xmlns="4873beb7-5857-4685-be1f-d57550cc96cc" xsi:nil="true"></SourceTitle><OpenTemplate xmlns="4873beb7-5857-4685-be1f-d57550cc96cc" xsi:nil="true"/><UALocComments xmlns="4873beb7-5857-4685-be1f-d57550cc96cc" xsi:nil="true"></UALocComments><TrustLevel xmlns="4873beb7-5857-4685-be1f-d57550cc96cc" xsi:nil="true"/><FeatureTagsTaxHTField0 xmlns="4873beb7-5857-4685-be1f-d57550cc96cc"><Terms xmlns="http://schemas.microsoft.com/office/infopath/2007/PartnerControls"></Terms></FeatureTagsTaxHTField0><PublishStatusLookup xmlns="4873beb7-5857-4685-be1f-d57550cc96cc"/><LocLastLocAttemptVersionLookup xmlns="4873beb7-5857-4685-be1f-d57550cc96cc" xsi:nil="true"/><CampaignTagsTaxHTField0 xmlns="4873beb7-5857-4685-be1f-d57550cc96cc"><Terms xmlns="http://schemas.microsoft.com/office/infopath/2007/PartnerControls"></Terms></CampaignTagsTaxHTField0><IsSearchable xmlns="4873beb7-5857-4685-be1f-d57550cc96cc" xsi:nil="true"/><MachineTranslated xmlns="4873beb7-5857-4685-be1f-d57550cc96cc" xsi:nil="true"/><Providers xmlns="4873beb7-5857-4685-be1f-d57550cc96cc" xsi:nil="true"></Providers><TemplateTemplateType xmlns="4873beb7-5857-4685-be1f-d57550cc96cc" xsi:nil="true"/><Markets xmlns="4873beb7-5857-4685-be1f-d57550cc96cc"/><APDescription xmlns="4873beb7-5857-4685-be1f-d57550cc96cc" xsi:nil="true"></APDescription><ClipArtFilename xmlns="4873beb7-5857-4685-be1f-d57550cc96cc" xsi:nil="true"></ClipArtFilename><APAuthor xmlns="4873beb7-5857-4685-be1f-d57550cc96cc"><UserInfo><DisplayName></DisplayName><AccountId xsi:nil="true"></AccountId><AccountType/></UserInfo></APAuthor><LocManualTestRequired xmlns="4873beb7-5857-4685-be1f-d57550cc96cc" xsi:nil="true"/><EditorialStatus xmlns="4873beb7-5857-4685-be1f-d57550cc96cc" xsi:nil="true"/><PublishTargets xmlns="4873beb7-5857-4685-be1f-d57550cc96cc" xsi:nil="true"/><ScenarioTagsTaxHTField0 xmlns="4873beb7-5857-4685-be1f-d57550cc96cc"><Terms xmlns="http://schemas.microsoft.com/office/infopath/2007/PartnerControls"></Terms></ScenarioTagsTaxHTField0><OriginalRelease xmlns="4873beb7-5857-4685-be1f-d57550cc96cc" xsi:nil="true"/><AssetStart xmlns="4873beb7-5857-4685-be1f-d57550cc96cc" xsi:nil="true"/><Provider xmlns="4873beb7-5857-4685-be1f-d57550cc96cc" xsi:nil="true"></Provider><AcquiredFrom xmlns="4873beb7-5857-4685-be1f-d57550cc96cc" xsi:nil="true"/><FriendlyTitle xmlns="4873beb7-5857-4685-be1f-d57550cc96cc" xsi:nil="true"></FriendlyTitle><LocalizationTagsTaxHTField0 xmlns="4873beb7-5857-4685-be1f-d57550cc96cc"><Terms xmlns="http://schemas.microsoft.com/office/infopath/2007/PartnerControls"></Terms></LocalizationTagsTaxHTField0><UALocRecommendation xmlns="4873beb7-5857-4685-be1f-d57550cc96cc" xsi:nil="true"/><ShowIn xmlns="4873beb7-5857-4685-be1f-d57550cc96cc" xsi:nil="true"/><UANotes xmlns="4873beb7-5857-4685-be1f-d57550cc96cc" xsi:nil="true"></UANotes><TemplateStatus xmlns="4873beb7-5857-4685-be1f-d57550cc96cc" xsi:nil="true"/><InternalTagsTaxHTField0 xmlns="4873beb7-5857-4685-be1f-d57550cc96cc"><Terms xmlns="http://schemas.microsoft.com/office/infopath/2007/PartnerControls"></Terms></InternalTagsTaxHTField0><AssetExpire xmlns="4873beb7-5857-4685-be1f-d57550cc96cc" xsi:nil="true"/><DSATActionTaken xmlns="4873beb7-5857-4685-be1f-d57550cc96cc" xsi:nil="true"></DSATActionTaken><EditorialTags xmlns="4873beb7-5857-4685-be1f-d57550cc96cc" xsi:nil="true"></EditorialTags><SubmitterId xmlns="4873beb7-5857-4685-be1f-d57550cc96cc" xsi:nil="true"></SubmitterId><ApprovalLog xmlns="4873beb7-5857-4685-be1f-d57550cc96cc" xsi:nil="true"></ApprovalLog><AssetType xmlns="4873beb7-5857-4685-be1f-d57550cc96cc" xsi:nil="true"/><BugNumber xmlns="4873beb7-5857-4685-be1f-d57550cc96cc" xsi:nil="true"></BugNumber><Milestone xmlns="4873beb7-5857-4685-be1f-d57550cc96cc" xsi:nil="true"></Milestone><RecommendationsModifier xmlns="4873beb7-5857-4685-be1f-d57550cc96cc" xsi:nil="true"/><IntlLangReviewDate xmlns="4873beb7-5857-4685-be1f-d57550cc96cc" xsi:nil="true"/><TPFriendlyName xmlns="4873beb7-5857-4685-be1f-d57550cc96cc" xsi:nil="true"></TPFriendlyName><IntlLangReview xmlns="4873beb7-5857-4685-be1f-d57550cc96cc" xsi:nil="true"/><PolicheckWords xmlns="4873beb7-5857-4685-be1f-d57550cc96cc" xsi:nil="true"></PolicheckWords><OriginAsset xmlns="4873beb7-5857-4685-be1f-d57550cc96cc" xsi:nil="true"></OriginAsset><TPNamespace xmlns="4873beb7-5857-4685-be1f-d57550cc96cc" xsi:nil="true"></TPNamespace><TPCommandLine xmlns="4873beb7-5857-4685-be1f-d57550cc96cc" xsi:nil="true"></TPCommandLine><IntlLangReviewer xmlns="4873beb7-5857-4685-be1f-d57550cc96cc" xsi:nil="true"></IntlLangReviewer><CSXSubmissionDate xmlns="4873beb7-5857-4685-be1f-d57550cc96cc" xsi:nil="true"/><TaxCatchAll xmlns="4873beb7-5857-4685-be1f-d57550cc96cc"/><Manager xmlns="4873beb7-5857-4685-be1f-d57550cc96cc" xsi:nil="true"/><NumericId xmlns="4873beb7-5857-4685-be1f-d57550cc96cc" xsi:nil="true"></NumericId><ParentAssetId xmlns="4873beb7-5857-4685-be1f-d57550cc96cc" xsi:nil="true"></ParentAssetId><OriginalSourceMarket xmlns="4873beb7-5857-4685-be1f-d57550cc96cc" xsi:nil="true"></OriginalSourceMarket><TPComponent xmlns="4873beb7-5857-4685-be1f-d57550cc96cc" xsi:nil="true"></TPComponent><TPExecutable xmlns="4873beb7-5857-4685-be1f-d57550cc96cc" xsi:nil="true"></TPExecutable><TPLaunchHelpLink xmlns="4873beb7-5857-4685-be1f-d57550cc96cc" xsi:nil="true"></TPLaunchHelpLink><CSXUpdate xmlns="4873beb7-5857-4685-be1f-d57550cc96cc" xsi:nil="true"/><IntlLocPriority xmlns="4873beb7-5857-4685-be1f-d57550cc96cc" xsi:nil="true"></IntlLocPriority><UAProjectedTotalWords xmlns="4873beb7-5857-4685-be1f-d57550cc96cc" xsi:nil="true"></UAProjectedTotalWords><OutputCachingOn xmlns="4873beb7-5857-4685-be1f-d57550cc96cc" xsi:nil="true"/><ContentItem xmlns="4873beb7-5857-4685-be1f-d57550cc96cc" xsi:nil="true"></ContentItem><HandoffToMSDN xmlns="4873beb7-5857-4685-be1f-d57550cc96cc" xsi:nil="true"/><LastModifiedDateTime xmlns="4873beb7-5857-4685-be1f-d57550cc96cc" xsi:nil="true"/><TPApplication xmlns="4873beb7-5857-4685-be1f-d57550cc96cc" xsi:nil="true"></TPApplication><CSXHash xmlns="4873beb7-5857-4685-be1f-d57550cc96cc" xsi:nil="true"></CSXHash><DirectSourceMarket xmlns="4873beb7-5857-4685-be1f-d57550cc96cc" xsi:nil="true"></DirectSourceMarket><PlannedPubDate xmlns="4873beb7-5857-4685-be1f-d57550cc96cc" xsi:nil="true"/><CSXSubmissionMarket xmlns="4873beb7-5857-4685-be1f-d57550cc96cc" xsi:nil="true"/><Downloads xmlns="4873beb7-5857-4685-be1f-d57550cc96cc" xsi:nil="true"/><ArtSampleDocs xmlns="4873beb7-5857-4685-be1f-d57550cc96cc" xsi:nil="true"></ArtSampleDocs><TPLaunchHelpLinkType xmlns="4873beb7-5857-4685-be1f-d57550cc96cc" xsi:nil="true"/><TimesCloned xmlns="4873beb7-5857-4685-be1f-d57550cc96cc" xsi:nil="true"></TimesCloned><TPAppVersion xmlns="4873beb7-5857-4685-be1f-d57550cc96cc" xsi:nil="true"></TPAppVersion><VoteCount xmlns="4873beb7-5857-4685-be1f-d57550cc96cc" xsi:nil="true"></VoteCount><AverageRating xmlns="4873beb7-5857-4685-be1f-d57550cc96cc" xsi:nil="true"/><UACurrentWords xmlns="4873beb7-5857-4685-be1f-d57550cc96cc" xsi:nil="true"></UACurrentWords><TPClientViewer xmlns="4873beb7-5857-4685-be1f-d57550cc96cc" xsi:nil="true"></TPClientViewer><APEditor xmlns="4873beb7-5857-4685-be1f-d57550cc96cc"><UserInfo><DisplayName></DisplayName><AccountId xsi:nil="true"></AccountId><AccountType/></UserInfo></APEditor><TPInstallLocation xmlns="4873beb7-5857-4685-be1f-d57550cc96cc" xsi:nil="true"></TPInstallLocation><OOCacheId xmlns="4873beb7-5857-4685-be1f-d57550cc96cc" xsi:nil="true"/><IsDeleted xmlns="4873beb7-5857-4685-be1f-d57550cc96cc" xsi:nil="true"/><CrawlForDependencies xmlns="4873beb7-5857-4685-be1f-d57550cc96cc" xsi:nil="true"/><LastHandOff xmlns="4873beb7-5857-4685-be1f-d57550cc96cc" xsi:nil="true"/><LocMarketGroupTiers2 xmlns="4873beb7-5857-4685-be1f-d57550cc96cc" xsi:nil="true"></LocMarketGroupTiers2></documentManagement></p:properties>