<?xml version="1.0" encoding="utf-8" standalone="yes"?><BlogPostInfo xmlns="http://www.microsoft.com/Office/Word/BlogTool">
  <PostTitle>An Invisible Crisis</PostTitle>
  <PostDate/>
  <PostID/>
  <Category1/>
  <Category2/>
  <Category3/>
  <Category4/>
  <Category5/>
  <Category6/>
  <Category7/>
  <Category8/>
  <Category9/>
  <Category10/>
  <Account></Account>
  <Enclosure/>
  <ProviderInfo>
    <PostURL/>
    <API/>
    <Categories/>
    <Trackbacks/>
    <Enclosures/>
    <BlogName/>
    <ImagePostAddress/>
  </ProviderInfo>
<DefaultAccountEnsured/></BlogPostInfo>