<?xml version="1.0" encoding="UTF-8" standalone="no"?>
<ds:datastoreItem ds:itemID="{460F43D6-C4EC-4FB3-A195-6B4FD975A2A1}" xmlns:ds="http://schemas.openxmlformats.org/officeDocument/2006/customXml"><ds:schemaRefs><ds:schemaRef ds:uri="http://schemas.microsoft.com/office/2006/metadata/contentType"/><ds:schemaRef ds:uri="http://schemas.microsoft.com/office/2006/metadata/properties/metaAttributes"/><ds:schemaRef ds:uri="http://www.w3.org/2001/XMLSchema"/><ds:schemaRef ds:uri="http://schemas.microsoft.com/office/2006/metadata/properties"/><ds:schemaRef ds:uri="4873beb7-5857-4685-be1f-d57550cc96cc"/><ds:schemaRef ds:uri="http://schemas.microsoft.com/office/2006/documentManagement/types"/><ds:schemaRef ds:uri="http://schemas.microsoft.com/office/infopath/2007/PartnerControls"/><ds:schemaRef ds:uri="http://schemas.openxmlformats.org/package/2006/metadata/core-properties"/><ds:schemaRef ds:uri="http://purl.org/dc/elements/1.1/"/><ds:schemaRef ds:uri="http://purl.org/dc/terms/"/><ds:schemaRef ds:uri="http://schemas.microsoft.com/internal/obd"/></ds:schemaRefs></ds:datastoreItem>